<?xml version="1.0" encoding="UTF-8"?>
<?xml-stylesheet type="text/xsl" href="configuration.xsl"?>
<configuration>
    <property>
        <name>fs.defaultFS</name>
        <value>hdfs://bd001:8020</value>
    </property>
    <property>
        <name>hadoop.tmp.dir</name>
        <value>/export/data/hadoopdata</value>
    </property>
    <property>
        <name>fs.trash.interval</name>
        <value>1440</value>
    </property>
    <!-- Oozie -->
    <property>
        <name>hadoop.proxyuser.hadoop.hosts</name>
        <value>*</value>
    </property>
    <property>
        <name>hadoop.proxyuser.hadoop.hosts</name>
        <value>*</value>
    </property>
    <property>
        <name>hadoop.proxyuser.oozie.hosts</name>
        <value>bd001</value>
    </property>
    <property>
        <name>hadoop.proxyuser.oozie.groups</name>
        <value>*</value>
    </property>
    <property>
        <name>hadoop.proxyuser.root.hosts</name>
        <value>bd001</value>
    </property>
    <property>
        <name>hadoop.proxyuser.root.groups</name>
        <value>*</value>
    </property>

</configuration>
